{"TestSuite":"","Date":0,"Player":{"Development":false,"ScreenWidth":0,"ScreenHeight":0,"ScreenRefreshRate":0,"Fullscreen":false,"Vsync":0,"AntiAliasing":0,"Batchmode":false,"RenderThreadingMode":"MultiThreaded","GpuSkinning":false,"Platform":"","ColorSpace":"","AnisotropicFiltering":"","BlendWeights":"","GraphicsApi":"","ScriptingBackend":"IL2CPP","AndroidTargetSdkVersion":"AndroidApiLevelAuto","AndroidBuildSystem":"Gradle","BuildTarget":"Android","StereoRenderingPath":"MultiPass"},"Hardware":{"OperatingSystem":"","DeviceModel":"","DeviceName":"","ProcessorType":"","ProcessorCount":0,"GraphicsDeviceName":"","SystemMemorySizeMB":0},"Editor":{"Version":"6000.1.0f1","Branch":"6000.1/staging","Changeset":"9ea152932a88","Date":1745360833},"Dependencies":["com.unity.adaptiveperformance.google.android@5.1.3","com.unity.collab-proxy@2.7.1","com.unity.feature.2d@2.0.1","com.unity.feature.mobile@1.0.0","com.unity.ide.rider@3.0.36","com.unity.ide.visualstudio@2.0.23","com.unity.inputsystem@1.14.0","com.unity.multiplayer.center@1.0.0","com.unity.render-pipelines.universal@17.1.0","com.unity.timeline@1.8.7","com.unity.ugui@2.0.0","com.unity.visualscripting@1.9.6","com.unity.modules.accessibility@1.0.0","com.unity.modules.ai@1.0.0","com.unity.modules.androidjni@1.0.0","com.unity.modules.animation@1.0.0","com.unity.modules.assetbundle@1.0.0","com.unity.modules.audio@1.0.0","com.unity.modules.cloth@1.0.0","com.unity.modules.director@1.0.0","com.unity.modules.imageconversion@1.0.0","com.unity.modules.imgui@1.0.0","com.unity.modules.jsonserialize@1.0.0","com.unity.modules.particlesystem@1.0.0","com.unity.modules.physics@1.0.0","com.unity.modules.physics2d@1.0.0","com.unity.modules.screencapture@1.0.0","com.unity.modules.terrain@1.0.0","com.unity.modules.terrainphysics@1.0.0","com.unity.modules.tilemap@1.0.0","com.unity.modules.ui@1.0.0","com.unity.modules.uielements@1.0.0","com.unity.modules.umbra@1.0.0","com.unity.modules.unityanalytics@1.0.0","com.unity.modules.unitywebrequest@1.0.0","com.unity.modules.unitywebrequestassetbundle@1.0.0","com.unity.modules.unitywebrequestaudio@1.0.0","com.unity.modules.unitywebrequesttexture@1.0.0","com.unity.modules.unitywebrequestwww@1.0.0","com.unity.modules.vehicles@1.0.0","com.unity.modules.video@1.0.0","com.unity.modules.vr@1.0.0","com.unity.modules.wind@1.0.0","com.unity.modules.xr@1.0.0","com.unity.modules.subsystems@1.0.0","com.unity.modules.hierarchycore@1.0.0","com.unity.render-pipelines.core@17.1.0","com.unity.shadergraph@17.1.0","com.unity.render-pipelines.universal-config@17.0.3","com.unity.test-framework@1.5.1","com.unity.ext.nunit@2.0.5","com.unity.mobile.android-logcat@1.4.5","com.unity.adaptiveperformance@5.1.3","com.unity.mobile.notifications@2.4.0","com.unity.2d.animation@10.2.0","com.unity.2d.pixel-perfect@5.1.0","com.unity.2d.psdimporter@10.1.0","com.unity.2d.sprite@1.0.0","com.unity.2d.spriteshape@10.1.0","com.unity.2d.tilemap@1.0.0","com.unity.2d.tilemap.extras@4.3.0","com.unity.2d.aseprite@1.2.4","com.unity.searcher@4.9.3","com.unity.burst@1.8.21","com.unity.mathematics@1.3.2","com.unity.collections@2.5.1","com.unity.rendering.light-transport@1.0.1","com.unity.profiling.core@1.0.2","com.unity.2d.common@9.1.0","com.unity.nuget.mono-cecil@1.11.4","com.unity.test-framework.performance@3.1.0"],"Results":[]}